bandwidth;positions;euclidean_error;ftms;seed;x_calculated;y_calculated
20;3;3.5;6;100;-2.56468;2.37536
20;4;0.2;6;100;-0.1247;0.15894
20;5;0.42;6;100;-0.38166;-0.16312
20;6;0.35;6;100;-0.33532;-0.09671
20;7;0.39;6;100;-0.39048;0.01724
20;8;0.25;6;100;-0.25451;-0.01208
20;9;0.23;6;100;-0.17106;-0.15834
20;10;0.31;6;100;-0.17117;-0.26193
20;3;2.78;6;10;1.51262;2.33128
20;4;1.63;6;10;0.76204;1.43839
20;5;1.79;6;10;1.11829;1.39626
20;6;0.56;6;10;0.41771;0.37866
20;7;0.52;6;10;0.30985;0.42147
20;8;0.29;6;10;0.12883;0.26215
20;9;0.22;6;10;0.07114;0.20306
20;10;0.17;6;10;0.03571;0.16147
20;3;0.25;6;11;-0.11408;-0.21743
20;4;0.81;6;11;-0.40509;-0.69739
20;5;0.8;6;11;-0.40801;-0.6854
20;6;0.79;6;11;-0.35371;-0.71187
20;7;0.56;6;11;-0.40038;-0.39461
20;8;0.55;6;11;-0.37585;-0.40479
20;9;0.25;6;11;-0.09255;-0.23665
20;10;0.19;6;11;0.001;-0.18889
20;3;1.03;6;12;-0.69902;0.75611
20;4;1.2;6;12;-0.76498;0.92949
20;5;1.12;6;12;-0.67653;0.89849
20;6;0.57;6;12;-0.28438;0.49962
20;7;0.94;6;12;-0.59567;0.73067
20;8;0.99;6;12;-0.49588;0.852
20;9;0.99;6;12;-0.51082;0.85073
20;10;0.98;6;12;-0.44034;0.87042
20;3;1.17;6;13;0.99462;0.60686
20;4;1.16;6;13;0.98769;0.61491
20;5;0.87;6;13;0.76047;0.43077
20;6;0.93;6;13;0.70953;0.60792
20;7;0.8;6;13;0.62282;0.49986
20;8;0.71;6;13;0.56743;0.4278
20;9;0.71;6;13;0.54047;0.45931
20;10;0.71;6;13;0.54187;0.45794
20;3;10.43;6;14;8.70415;5.73891
20;4;0.55;6;14;0.44793;0.31271
20;5;0.33;6;14;0.33051;0.02429
20;6;0.26;6;14;0.0604;0.2486
20;7;0.27;6;14;0.05719;0.26791
20;8;0.31;6;14;0.09725;0.2941
20;9;0.29;6;14;0.0717;0.28069
20;10;0.49;6;14;-0.15803;0.45883
20;3;3.02;6;15;2.09227;-2.1811
20;4;1.44;6;15;1.30003;-0.62177
20;5;1.04;6;15;1.03203;-0.10767
20;6;1.04;6;15;1.04087;0.01399
20;7;0.92;6;15;0.89995;0.16879
20;8;0.73;6;15;0.64736;0.33392
20;9;0.32;6;15;0.30158;0.09479
20;10;0.32;6;15;0.31495;0.07825
20;3;9.4;6;16;-5.37897;-7.70911
20;4;0.22;6;16;-0.2124;0.03992
20;5;0.34;6;16;0.20567;-0.27457
20;6;0.4;6;16;-0.01748;-0.39998
20;7;0.43;6;16;-0.06979;-0.41986
20;8;0.5;6;16;0.03593;-0.49593
20;9;0.43;6;16;-0.29632;-0.30521
20;10;0.3;6;16;-0.14786;-0.26218
20;3;0.34;6;17;0.21215;-0.26294
20;4;0.31;6;17;-0.27289;-0.1468
20;5;0.3;6;17;-0.26665;-0.14667
20;6;0.31;6;17;-0.26215;-0.16195
20;7;0.41;6;17;-0.13705;-0.39019
20;8;0.24;6;17;0.23605;-0.02354
20;9;0.08;6;17;0.07918;0.02685
20;10;0.1;6;17;0.09337;0.0455
20;3;1.62;6;18;1.14035;1.1554
20;4;1.53;6;18;0.96127;1.1854
20;5;1.41;6;18;0.99329;1.00446
20;6;1.25;6;18;0.73812;1.0145
20;7;1.23;6;18;0.71623;1.00446
20;8;1.24;6;18;0.74664;0.9877
20;9;1.24;6;18;0.74496;0.98798
20;10;1.07;6;18;0.71044;0.79806
20;3;4.41;6;19;0.17893;4.40935
20;4;1.83;6;19;-0.72539;1.67889
20;5;1.48;6;19;-0.62484;1.34233
20;6;1.46;6;19;-0.63454;1.31695
20;7;1.19;6;19;-0.59376;1.03384
20;8;0.78;6;19;-0.48105;0.62027
20;9;0.77;6;19;-0.60633;0.47061
20;10;0.83;6;19;-0.74916;0.36455
20;3;0.62;6;1;-0.57664;0.22839
20;4;0.27;6;1;-0.27068;0.00546
20;5;0.33;6;1;-0.32541;-0.0007
20;6;0.27;6;1;0.25145;-0.09014
20;7;0.08;6;1;0.004;-0.07501
20;8;0.09;6;1;0.01347;-0.08511
20;9;9.11;6;1;-8.21763;3.93118
20;10;0.5;6;1;0.0656;-0.49783
20;3;0.72;6;20;0.68428;-0.22667
20;4;0.35;6;20;-0.12521;0.32348
20;5;0.69;6;20;-0.11905;0.67956
20;6;0.57;6;20;-0.01513;0.5674
20;7;0.49;6;20;0.0032;0.49447
20;8;0.5;6;20;0.00556;0.49855
20;9;0.48;6;20;0.04319;0.47327
20;10;0.47;6;20;0.04494;0.47195
20;3;0.32;6;21;-0.14239;0.29194
20;4;0.34;6;21;0.23808;0.24555
20;5;0.4;6;21;-0.35873;-0.17161
20;6;0.69;6;21;-0.57304;-0.38058
20;7;1.25;6;21;-0.76672;-0.98836
20;8;1.16;6;21;-0.65426;-0.95895
20;9;1.19;6;21;-0.6645;-0.98718
20;10;0.99;6;21;-0.46538;-0.86888
20;3;0.79;6;22;-0.79161;-0.04459
20;4;0.36;6;22;0.00521;0.36164
20;5;0.34;6;22;0.05109;0.33387
20;6;0.34;6;22;0.05158;0.33114
20;7;0.4;6;22;0.11791;0.38289
20;8;0.44;6;22;0.10605;0.42588
20;9;0.39;6;22;-0.01906;0.38518
20;10;0.57;6;22;0.19033;0.53694
20;3;0.11;6;23;-0.01896;0.11314
20;4;0.31;6;23;-0.25246;0.18515
20;5;0.32;6;23;-0.2615;0.18238
20;6;0.43;6;23;-0.31117;0.29488
20;7;0.42;6;23;-0.37164;0.20042
20;8;0.43;6;23;-0.36564;0.22907
20;9;0.46;6;23;-0.3344;0.31888
20;10;0.46;6;23;-0.3592;0.29258
20;3;0.57;6;24;-0.56481;0.08415
20;4;0.53;6;24;-0.5206;0.11304
20;5;0.54;6;24;-0.18382;0.5072
20;6;0.57;6;24;-0.27876;0.49381
20;7;0.46;6;24;-0.17928;0.42578
20;8;0.52;6;24;-0.5227;0.00082
20;9;0.39;6;24;-0.28042;-0.27702
20;10;0.41;6;24;-0.28926;-0.2956
20;3;3.78;6;25;2.3725;-2.93795
20;4;3.87;6;25;2.52143;-2.94202
20;5;3.84;6;25;2.75248;-2.68255
20;6;0.31;6;25;0.04808;-0.3015
20;7;0.3;6;25;0.07453;-0.29158
20;8;0.22;6;25;0.02528;-0.22044
20;9;0.27;6;25;-0.24566;0.10367
20;10;0.26;6;25;-0.04199;-0.25215
20;3;0.53;6;26;-0.05642;-0.52266
20;4;0.74;6;26;0.11992;-0.72743
20;5;0.64;6;26;-0.01538;-0.63587
20;6;0.5;6;26;0.20364;-0.4585
20;7;0.4;6;26;0.12934;-0.37358
20;8;0.28;6;26;0.17083;-0.22393
20;9;0.32;6;26;0.26793;-0.16737
20;10;0.27;6;26;0.18672;-0.20173
20;3;0.45;6;27;-0.17368;-0.415
20;4;0.44;6;27;-0.23303;-0.37615
20;5;0.33;6;27;-0.20833;-0.25129
20;6;0.03;6;27;0.01676;-0.02471
20;7;0.1;6;27;0.07402;0.07274
20;8;0.11;6;27;0.03588;0.10471
20;9;0.22;6;27;-0.07895;0.21022
20;10;0.25;6;27;-0.05351;0.24386
20;3;1.45;6;28;1.35607;-0.51672
20;4;1.56;6;28;1.47515;-0.4963
20;5;1.34;6;28;1.2927;-0.36474
20;6;1.35;6;28;1.28944;-0.38891
20;7;0.87;6;28;0.79061;-0.36963
20;8;0.87;6;28;0.62898;-0.60011
20;9;0.86;6;28;0.59801;-0.62242
20;10;0.8;6;28;0.50022;-0.62179
20;3;0.74;6;29;-0.62347;0.4007
20;4;0.24;6;29;-0.13749;0.20113
20;5;0.43;6;29;-0.14153;0.40369
20;6;0.56;6;29;-0.19496;0.52835
20;7;0.52;6;29;-0.25954;0.45519
20;8;0.57;6;29;-0.37733;0.4286
20;9;0.53;6;29;-0.46217;0.25691
20;10;0.27;6;29;-0.26648;0.06298
20;3;0.24;6;2;-0.19596;-0.14653
20;4;0.41;6;2;-0.37529;-0.16722
20;5;0.23;6;2;-0.22482;0.05516
20;6;0.39;6;2;-0.37565;-0.10511
20;7;0.25;6;2;-0.02217;-0.24626
20;8;0.18;6;2;-0.08078;-0.16074
20;9;0.3;6;2;-0.24709;-0.16821
20;10;0.28;6;2;-0.20943;-0.18196
20;3;1.23;6;30;0.65598;-1.03951
20;4;1.17;6;30;0.5962;-1.00595
20;5;1.19;6;30;0.77989;-0.89469
20;6;0.85;6;30;0.53339;-0.66398
20;7;1.5;6;30;-0.20382;-1.48799
20;8;1.32;6;30;-0.43909;-1.24846
20;9;1.16;6;30;-0.50472;-1.04223
20;10;1.01;6;30;-0.10324;-1.00145
20;3;1.01;6;31;-0.61397;-0.79701
20;4;0.91;6;31;-0.46443;-0.78173
20;5;0.79;6;31;-0.29822;-0.7262
20;6;0.78;6;31;-0.29762;-0.72373
20;7;0.4;6;31;-0.32854;-0.23407
20;8;0.52;6;31;-0.5178;0.06968
20;9;0.72;6;31;-0.66572;0.27982
20;10;0.62;6;31;-0.61195;0.08942
20;3;0.89;6;32;0.73953;0.48742
20;4;0.52;6;32;0.38149;0.35906
20;5;0.34;6;32;0.24203;0.23668
20;6;0.39;6;32;0.35422;0.15848
20;7;0.25;6;32;0.18728;0.15832
20;8;0.28;6;32;0.06312;0.27192
20;9;0.34;6;32;-0.06398;-0.33059
20;10;0.25;6;32;-0.05375;-0.24599
20;3;1.0;6;33;0.62053;0.78839
20;4;0.28;6;33;-0.0979;0.26757
20;5;0.31;6;33;0.00096;0.30637
20;6;0.31;6;33;-0.00677;0.3076
20;7;0.32;6;33;-0.02437;0.31682
20;8;0.56;6;33;0.20956;0.52145
20;9;0.43;6;33;0.24813;0.35324
20;10;0.48;6;33;0.25131;0.40944
20;3;2.21;6;34;0.44914;-2.16174
20;4;2.84;6;34;0.42113;-2.80437
20;5;0.59;6;34;0.19302;-0.55364
20;6;0.31;6;34;0.28274;-0.116
20;7;0.31;6;34;0.28271;-0.1148
20;8;0.18;6;34;0.07717;-0.15958
20;9;0.02;6;34;0.00356;-0.02286
20;10;0.09;6;34;-0.03131;0.08749
20;3;0.77;6;35;0.4463;0.62844
20;4;0.79;6;35;0.44967;0.64414
20;5;0.72;6;35;0.35246;0.63106
20;6;0.88;6;35;-0.24609;0.84674
20;7;0.88;6;35;-0.22425;0.85098
20;8;0.72;6;35;-0.31095;0.65337
20;9;0.75;6;35;-0.30552;0.69031
20;10;0.9;6;35;-0.31386;0.83963
20;3;0.34;6;36;0.18869;0.28233
20;4;0.34;6;36;0.19395;0.27904
20;5;0.41;6;36;0.06629;0.40399
20;6;0.45;6;36;0.05386;0.44703
20;7;0.42;6;36;-0.09259;0.408
20;8;0.43;6;36;-0.06564;0.42181
20;9;0.36;6;36;-0.1088;0.34388
20;10;0.24;6;36;0.04316;0.23704
20;3;1.68;6;37;-0.98389;-1.35561
20;4;1.79;6;37;-1.0584;-1.44494
20;5;1.75;6;37;-1.08725;-1.37064
20;6;1.29;6;37;-0.42247;-1.22196
20;7;0.71;6;37;0.38469;-0.60021
20;8;0.7;6;37;0.54229;-0.44918
20;9;0.39;6;37;0.22451;-0.31472
20;10;0.45;6;37;-0.0333;-0.45177
20;3;0.71;6;38;-0.67567;0.20465
20;4;0.16;6;38;-0.04008;-0.15427
20;5;0.15;6;38;0.01174;0.14464
20;6;0.18;6;38;-0.08235;0.15627
20;7;0.29;6;38;0.01663;0.29118
20;8;0.07;6;38;0.03979;0.05164
20;9;0.12;6;38;0.12069;-0.02665
20;10;0.36;6;38;0.31742;-0.16145
20;3;1.04;6;39;0.82252;-0.63991
20;4;0.55;6;39;0.42046;-0.34902
20;5;0.63;6;39;0.62771;-0.08953
20;6;0.64;6;39;0.63682;0.0062
20;7;0.59;6;39;0.57201;-0.1529
20;8;0.49;6;39;0.48902;-0.01279
20;9;0.4;6;39;0.38696;0.10482
20;10;0.3;6;39;0.2932;0.05688
20;3;0.97;6;3;0.95888;-0.13578
20;4;0.7;6;3;0.70077;-0.02316
20;5;0.19;6;3;-0.09362;0.16454
20;6;0.21;6;3;-0.11742;0.17844
20;7;0.35;6;3;-0.34952;0.03461
20;8;0.21;6;3;-0.1841;0.0925
20;9;0.16;6;3;-0.10062;0.12095
20;10;0.09;6;3;-0.05759;0.07234
20;3;0.55;6;40;0.4477;0.31582
20;4;1.03;6;40;0.58887;0.84459
20;5;1.04;6;40;0.54528;0.88146
20;6;0.81;6;40;0.59672;0.55177
20;7;0.77;6;40;0.58899;0.49113
20;8;0.77;6;40;0.57797;0.5018
20;9;0.89;6;40;0.75317;0.47375
20;10;0.81;6;40;0.65093;0.47824
20;3;1.26;6;41;-0.74804;1.01888
20;4;1.17;6;41;-0.14188;1.15996
20;5;1.09;6;41;-0.11594;1.083
20;6;0.82;6;41;-0.27395;0.77591
20;7;0.68;6;41;-0.15025;0.66776
20;8;0.62;6;41;-0.22496;0.57824
20;9;0.63;6;41;-0.20511;0.5976
20;10;0.59;6;41;-0.19907;0.55302
20;3;0.41;6;42;-0.34292;-0.21551
20;4;0.42;6;42;-0.35166;-0.22181
20;5;0.8;6;42;-0.76569;-0.21812
20;6;0.58;6;42;-0.53318;0.22748
20;7;0.4;6;42;-0.35809;0.18664
20;8;0.98;6;42;-0.77906;0.59587
20;9;1.15;6;42;-0.83947;0.7858
20;10;1.17;6;42;-0.90502;0.74909
20;3;0.66;6;43;-0.3358;0.57025
20;4;1.01;6;43;-0.11216;1.00431
20;5;1.05;6;43;-0.14588;1.03854
20;6;0.77;6;43;0.16107;0.75384
20;7;0.7;6;43;0.19698;0.67262
20;8;0.56;6;43;0.10351;0.54983
20;9;0.61;6;43;0.28956;0.53184
20;10;0.6;6;43;0.4628;0.38716
20;3;0.41;6;44;-0.31322;0.26811
20;4;0.66;6;44;-0.33512;0.56312
20;5;0.65;6;44;-0.33553;0.55911
20;6;0.13;6;44;0.12134;-0.04061
20;7;0.07;6;44;0.05248;0.03978
20;8;0.19;6;44;0.09273;0.16693
20;9;0.21;6;44;0.08527;0.19105
20;10;0.2;6;44;0.15412;0.13445
20;3;0.59;6;45;0.0608;-0.58437
20;4;0.29;6;45;-0.29234;-0.0209
20;5;0.3;6;45;-0.29092;-0.06267
20;6;0.24;6;45;-0.22184;-0.08728
20;7;0.04;6;45;-0.03585;0.02151
20;8;0.22;6;45;-0.15721;-0.15038
20;9;0.24;6;45;-0.13923;-0.19234
20;10;0.29;6;45;-0.25883;-0.13688
20;3;1.72;6;46;1.03093;1.37839
20;4;1.65;6;46;1.20967;1.12054
20;5;1.66;6;46;1.16667;1.17905
20;6;0.87;6;46;0.39897;0.76886
20;7;0.79;6;46;0.33374;0.71585
20;8;0.62;6;46;0.23406;0.57839
20;9;0.62;6;46;0.24179;0.57127
20;10;0.54;6;46;0.21194;0.49572
20;3;0.64;6;47;0.06296;0.64168
20;4;0.4;6;47;-0.16038;0.36892
20;5;0.54;6;47;-0.1486;0.51991
20;6;0.52;6;47;-0.16246;0.49905
20;7;0.3;6;47;0.24061;0.17942
20;8;0.34;6;47;0.25298;0.22515
20;9;0.34;6;47;0.25568;0.22269
20;10;0.38;6;47;0.33401;0.18545
20;3;1.6;6;48;1.33495;0.87503
20;4;1.21;6;48;1.13941;0.41036
20;5;1.01;6;48;1.01024;0.07572
20;6;0.97;6;48;0.97247;0.05246
20;7;0.61;6;48;0.58477;0.18225
20;8;0.73;6;48;0.6826;-0.24903
20;9;0.74;6;48;0.68817;-0.27016
20;10;0.55;6;48;0.54493;-0.09851
20;3;1.4;6;49;-0.58203;-1.26885
20;4;0.51;6;49;-0.02739;-0.51414
20;5;0.31;6;49;-0.1686;-0.26226
20;6;0.31;6;49;-0.16763;-0.25767
20;7;0.33;6;49;-0.17792;-0.27847
20;8;0.38;6;49;-0.212;-0.31142
20;9;0.37;6;49;-0.20727;-0.30623
20;10;0.29;6;49;-0.14366;-0.24804
20;3;0.37;6;4;-0.36208;0.07133
20;4;0.53;6;4;-0.48925;-0.19302
20;5;0.66;6;4;-0.65978;-0.06674
20;6;0.82;6;4;-0.82005;0.03868
20;7;0.94;6;4;-0.9071;0.24583
20;8;0.9;6;4;-0.89388;0.10699
20;9;0.9;6;4;-0.89532;0.10911
20;10;0.74;6;4;-0.73327;0.10251
20;3;0.77;6;50;0.75784;-0.14078
20;4;0.79;6;50;0.69877;-0.36121
20;5;0.82;6;50;0.7765;-0.25786
20;6;0.53;6;50;0.42416;-0.32599
20;7;0.6;6;50;0.47455;-0.36681
20;8;0.48;6;50;0.36304;-0.31429
20;9;0.56;6;50;0.44015;-0.34197
20;10;0.45;6;50;0.27132;-0.3597
20;3;2.0;6;51;1.81094;0.85327
20;4;0.56;6;51;0.45465;-0.33459
20;5;0.48;6;51;0.44135;-0.19442
20;6;0.38;6;51;0.26441;-0.27851
20;7;0.15;6;51;0.15071;-0.01747
20;8;0.27;6;51;0.27271;-0.03211
20;9;0.39;6;51;0.34975;0.1672
20;10;0.45;6;51;0.36929;0.26131
20;3;1.48;6;52;-0.73292;1.28549
20;4;0.86;6;52;-0.43278;0.74065
20;5;0.69;6;52;-0.30804;0.62113
20;6;0.32;6;52;0.00146;0.31871
20;7;0.22;6;52;0.09285;0.20324
20;8;0.41;6;52;-0.03246;0.41338
20;9;0.32;6;52;-0.0276;0.31955
20;10;0.43;6;52;0.04215;0.42928
20;3;1.69;6;53;1.58823;-0.57268
20;4;0.4;6;53;0.34834;0.20107
20;5;0.52;6;53;0.41303;0.31741
20;6;0.58;6;53;0.57155;0.0738
20;7;0.31;6;53;0.29425;0.10606
20;8;0.28;6;53;0.19781;0.20422
20;9;0.4;6;53;0.16753;0.36727
20;10;0.4;6;53;0.08303;0.39212
20;3;6.43;6;54;-6.16511;-1.83924
20;4;6.49;6;54;-6.21852;-1.85386
20;5;0.68;6;54;-0.6451;0.20591
20;6;0.28;6;54;0.27965;0.02345
20;7;0.39;6;54;0.39092;0.01185
20;8;0.22;6;54;0.22126;0.00818
20;9;0.23;6;54;0.22867;0.00336
20;10;0.38;6;54;0.37263;0.06704
20;3;0.22;6;55;-0.20615;-0.06265
20;4;0.25;6;55;-0.24655;-0.00369
20;5;0.23;6;55;-0.17844;0.15124
20;6;0.29;6;55;-0.24747;0.15253
20;7;0.44;6;55;-0.38538;0.20336
20;8;0.47;6;55;-0.43454;0.16668
20;9;0.24;6;55;-0.2341;0.02384
20;10;0.27;6;55;-0.27359;0.0142
20;3;1.62;6;56;0.87113;1.36355
20;4;1.48;6;56;0.75043;1.27418
20;5;0.71;6;56;0.28979;0.64492
20;6;0.74;6;56;0.20617;0.71516
20;7;0.7;6;56;0.2084;0.66884
20;8;0.41;6;56;0.03624;0.40916
20;9;0.42;6;56;0.05416;0.41827
20;10;0.44;6;56;0.05487;0.43753
20;3;1.13;6;57;0.87916;0.70775
20;4;1.13;6;57;0.72933;0.86322
20;5;11.75;6;57;-7.05284;9.39506
20;6;0.68;6;57;0.51439;0.45079
20;7;0.68;6;57;0.51076;0.45005
20;8;0.72;6;57;0.55127;0.45631
20;9;0.59;6;57;0.50887;0.30475
20;10;0.33;6;57;0.32113;0.06012
20;3;14.42;6;58;-8.03212;11.97217
20;4;0.19;6;58;-0.02985;0.18796
20;5;0.29;6;58;0.14854;0.24805
20;6;0.45;6;58;0.29428;0.34084
20;7;0.45;6;58;0.29193;0.34264
20;8;0.16;6;58;-0.04702;0.14858
20;9;0.17;6;58;0.15418;0.06986
20;10;0.1;6;58;-0.07572;0.07244
20;3;9.37;6;59;-3.78331;8.56715
20;4;0.41;6;59;-0.23839;-0.33141
20;5;0.41;6;59;-0.33285;0.24198
20;6;0.4;6;59;-0.32619;0.23041
20;7;0.39;6;59;-0.3459;0.17965
20;8;0.29;6;59;-0.23285;0.16736
20;9;0.16;6;59;-0.15063;0.06038
20;10;0.11;6;59;-0.08778;-0.06924
20;3;1.3;6;5;-1.1374;0.62687
20;4;1.18;6;5;-0.87092;0.78925
20;5;0.56;6;5;-0.46865;0.31136
20;6;0.59;6;5;0.42772;-0.4073
20;7;0.24;6;5;-0.24027;0.04247
20;8;0.69;6;5;-0.50432;0.47249
20;9;0.65;6;5;-0.47656;0.44914
20;10;0.63;6;5;-0.44615;0.43971
20;3;1.8;6;60;1.22366;1.31583
20;4;8.83;6;60;0.02446;8.82966
20;5;8.75;6;60;0.07424;8.74843
20;6;0.52;6;60;0.46594;0.22591
20;7;0.56;6;60;0.4619;0.31323
20;8;0.54;6;60;0.43911;0.31436
20;9;0.55;6;60;0.50447;0.22123
20;10;0.61;6;60;0.59244;0.15119
20;3;0.55;6;61;0.50286;-0.22666
20;4;0.65;6;61;-0.45985;0.45945
20;5;0.75;6;61;-0.2733;0.70254
20;6;0.66;6;61;-0.06073;0.66121
20;7;1.05;6;61;-0.16947;1.03412
20;8;1.08;6;61;-0.40316;0.99792
20;9;0.16;6;61;0.02846;0.1602
20;10;0.15;6;61;-0.14269;-0.05906
20;3;0.37;6;62;0.37254;-0.03525
20;4;0.53;6;62;0.47604;0.2364
20;5;0.85;6;62;0.68906;0.49957
20;6;0.75;6;62;0.64092;0.39567
20;7;0.52;6;62;0.39835;0.33468
20;8;0.35;6;62;0.34133;0.08721
20;9;0.33;6;62;0.30007;0.1344
20;10;0.32;6;62;0.28285;0.14915
20;3;0.78;6;63;-0.48303;0.61532
20;4;0.88;6;63;-0.4804;0.73174
20;5;0.57;6;63;-0.05029;0.56937
20;6;0.61;6;63;-0.11339;0.60247
20;7;0.53;6;63;-0.16601;0.50655
20;8;0.48;6;63;-0.19503;0.43376
20;9;0.52;6;63;-0.43359;0.28533
20;10;0.53;6;63;-0.47823;0.22257
20;3;2.67;6;64;2.63578;0.4505
20;4;1.7;6;64;1.69484;-0.15004
20;5;0.52;6;64;0.42518;0.2906
20;6;0.49;6;64;0.34288;0.34814
20;7;0.5;6;64;0.36137;0.34107
20;8;0.51;6;64;0.42867;0.27394
20;9;0.39;6;64;0.36571;0.14811
20;10;0.49;6;64;0.45969;0.158
20;3;0.56;6;65;-0.50648;-0.24738
20;4;0.18;6;65;-0.17638;0.00015
20;5;0.14;6;65;-0.12824;-0.04502
20;6;0.25;6;65;-0.23525;0.08047
20;7;0.24;6;65;-0.23669;-0.00409
20;8;0.22;6;65;-0.22269;0.02668
20;9;0.31;6;65;-0.27413;0.14529
20;10;0.46;6;65;-0.14256;0.43228
20;3;0.69;6;66;0.58763;-0.36745
20;4;7.65;6;66;1.99521;-7.38792
20;5;0.51;6;66;0.46222;-0.21951
20;6;0.3;6;66;0.30217;0.00724
20;7;0.42;6;66;0.39507;0.15063
20;8;0.47;6;66;0.35473;0.30359
20;9;0.49;6;66;0.35272;0.33992
20;10;0.49;6;66;0.43386;0.22635
20;3;0.55;6;67;0.4927;0.23989
20;4;0.74;6;67;0.74269;0.05258
20;5;0.35;6;67;0.16427;0.30944
20;6;0.34;6;67;0.15982;0.29861
20;7;0.41;6;67;-0.0464;0.40927
20;8;0.44;6;67;0.00059;0.43788
20;9;0.35;6;67;-0.0966;0.34005
20;10;0.33;6;67;-0.03348;0.32884
20;3;9.35;6;68;-7.22742;-5.92897
20;4;9.54;6;68;-7.07339;-6.39852
20;5;9.62;6;68;-7.19527;-6.37994
20;6;9.27;6;68;-6.93353;-6.14898
20;7;0.42;6;68;-0.08658;0.40993
20;8;0.37;6;68;-0.26209;0.26725
20;9;0.33;6;68;-0.15151;0.29814
20;10;0.34;6;68;-0.11216;0.32373
20;3;2.46;6;69;1.5384;-1.92168
20;4;1.88;6;69;1.3381;-1.32723
20;5;0.63;6;69;0.59427;-0.20042
20;6;0.44;6;69;0.35932;-0.25594
20;7;0.18;6;69;-0.12531;0.12631
20;8;0.16;6;69;-0.04515;0.14915
20;9;0.16;6;69;-0.10086;0.12253
20;10;0.11;6;69;0.05084;-0.09968
20;3;1.13;6;6;1.10342;-0.22822
20;4;0.78;6;6;0.76272;-0.18264
20;5;0.5;6;6;0.49226;0.09821
20;6;0.5;6;6;0.48598;0.11905
20;7;0.49;6;6;0.48466;0.08393
20;8;0.24;6;6;0.20128;0.13591
20;9;0.12;6;6;0.0185;0.12341
20;10;0.08;6;6;0.0026;0.08282
20;3;13.7;6;70;13.40475;-2.84734
20;4;14.65;6;70;14.57827;-1.40219
20;5;2.33;6;70;2.11748;0.96337
20;6;0.53;6;70;0.00731;-0.53046
20;7;0.54;6;70;0.20914;-0.50313
20;8;0.52;6;70;0.40548;-0.33348
20;9;0.5;6;70;0.44107;-0.23986
20;10;0.5;6;70;0.42354;-0.26695
20;3;0.46;6;71;0.44801;-0.10857
20;4;0.64;6;71;0.63823;0.05995
20;5;0.69;6;71;0.68834;0.07682
20;6;0.61;6;71;0.57644;0.20566
20;7;0.73;6;71;0.72506;0.04161
20;8;0.45;6;71;0.42901;0.14954
20;9;0.46;6;71;0.43922;0.14083
20;10;0.65;6;71;0.60991;-0.23743
20;3;0.56;6;72;0.34966;0.43568
20;4;0.52;6;72;0.27227;0.43886
20;5;0.44;6;72;-0.37075;-0.23842
20;6;0.3;6;72;-0.25182;-0.15476
20;7;0.73;6;72;-0.59375;-0.43275
20;8;0.76;6;72;-0.63561;-0.4099
20;9;0.84;6;72;-0.67958;-0.48693
20;10;0.88;6;72;-0.66334;-0.58559
20;3;1.03;6;73;1.01853;0.15156
20;4;0.61;6;73;0.60379;0.08887
20;5;0.56;6;73;0.50974;-0.23356
20;6;0.51;6;73;0.41892;-0.29628
20;7;0.3;6;73;0.24928;-0.1669
20;8;0.29;6;73;0.23687;-0.16525
20;9;0.37;6;73;0.37251;-0.03426
20;10;0.32;6;73;0.31235;0.06077
20;3;0.21;6;74;-0.21072;0.02165
20;4;0.25;6;74;-0.24707;0.04064
20;5;0.25;6;74;-0.2442;0.03661
20;6;0.23;6;74;-0.17964;0.14522
20;7;0.14;6;74;-0.04759;0.13031
20;8;0.03;6;74;-0.02399;0.0177
20;9;0.03;6;74;-0.02299;0.01616
20;10;0.23;6;74;-0.11795;0.19379
20;3;0.8;6;75;-0.60062;0.52332
20;4;6.16;6;75;3.41875;5.11892
20;5;0.62;6;75;0.12111;0.60426
20;6;0.42;6;75;0.15757;0.38524
20;7;0.12;6;75;0.11071;0.04349
20;8;0.09;6;75;0.08928;0.00303
20;9;0.15;6;75;-0.12635;-0.07727
20;10;0.21;6;75;-0.17242;-0.12596
20;3;4.19;6;76;-3.03444;-2.88228
20;4;0.63;6;76;0.4589;-0.43627
20;5;0.32;6;76;0.28945;-0.14706
20;6;0.4;6;76;-0.01158;-0.39677
20;7;0.34;6;76;0.02986;-0.33885
20;8;0.35;6;76;-0.03968;-0.34927
20;9;0.27;6;76;9e-05;-0.2671
20;10;0.15;6;76;-0.03763;-0.15004
20;3;0.7;6;77;0.38195;0.58526
20;4;2.21;6;77;1.81437;1.25864
20;5;0.9;6;77;-0.6223;-0.64388
20;6;0.22;6;77;-0.18133;-0.11868
20;7;0.21;6;77;-0.20426;-0.04383
20;8;0.2;6;77;-0.03674;0.20124
20;9;0.26;6;77;-0.22099;0.13755
20;10;0.26;6;77;-0.22799;0.12162
20;3;0.56;6;78;-0.07244;0.56028
20;4;0.39;6;78;-0.01298;0.39352
20;5;0.34;6;78;-0.04615;0.33326
20;6;0.39;6;78;-0.04756;0.38303
20;7;0.36;6;78;-0.03595;0.36232
20;8;0.42;6;78;0.20029;0.37391
20;9;0.66;6;78;0.25445;0.60378
20;10;0.32;6;78;0.16502;0.26974
20;3;2.91;6;79;-2.11354;-2.00028
20;4;2.22;6;79;1.44226;-1.68765
20;5;2.43;6;79;1.30482;-2.04543
20;6;2.36;6;79;1.41103;-1.89588
20;7;2.52;6;79;1.2168;-2.20352
20;8;1.25;6;79;0.55566;-1.11932
20;9;1.19;6;79;0.6698;-0.98448
20;10;1.27;6;79;0.64051;-1.09676
20;3;0.31;6;7;0.01297;-0.31198
20;4;0.32;6;7;-0.07088;-0.30807
20;5;0.43;6;7;0.13835;-0.4084
20;6;0.51;6;7;0.12975;-0.49363
20;7;0.67;6;7;0.09658;-0.65912
20;8;0.71;6;7;-0.0769;-0.70885
20;9;0.33;6;7;0.32216;0.06386
20;10;0.26;6;7;0.2534;-0.07596
20;3;0.62;6;80;0.1338;-0.60168
20;4;0.39;6;80;0.18663;-0.34741
20;5;0.47;6;80;0.38921;-0.26224
20;6;0.46;6;80;0.43995;-0.14927
20;7;0.46;6;80;0.43685;-0.14666
20;8;0.39;6;80;0.37558;-0.10797
20;9;0.24;6;80;0.23708;0.02014
20;10;0.12;6;80;0.11998;-0.0119
20;3;0.72;6;81;-0.17571;0.69869
20;4;0.39;6;81;-0.32158;0.2247
20;5;0.3;6;81;-0.04072;-0.29454
20;6;0.16;6;81;0.02986;-0.15808
20;7;0.17;6;81;0.05521;-0.16422
20;8;0.3;6;81;-0.0348;0.29378
20;9;0.28;6;81;-0.02396;0.28054
20;10;0.79;6;81;-0.35328;0.70592
20;3;0.28;6;82;-0.11737;-0.25733
20;4;0.34;6;82;-0.17964;-0.28939
20;5;0.36;6;82;-0.16316;-0.31551
20;6;0.28;6;82;0.2033;-0.1913
20;7;0.06;6;82;-0.03343;-0.05293
20;8;0.16;6;82;0.13694;-0.07734
20;9;0.3;6;82;0.25567;-0.15932
20;10;0.07;6;82;-0.00471;-0.07069
20;3;1.38;6;83;-0.45788;-1.29852
20;4;1.37;6;83;-0.60743;-1.23258
20;5;1.52;6;83;-1.49532;-0.28521
20;6;1.1;6;83;-0.96444;0.52598
20;7;1.02;6;83;-0.97105;0.31609
20;8;0.76;6;83;-0.68856;0.32545
20;9;0.73;6;83;-0.70506;0.20664
20;10;0.58;6;83;-0.55988;0.13707
20;3;1.75;6;84;-0.78993;1.5649
20;4;1.0;6;84;-0.38644;0.92612
20;5;1.32;6;84;-1.14311;0.66607
20;6;1.4;6;84;-1.11406;0.84167
20;7;1.21;6;84;-1.0647;0.57817
20;8;0.74;6;84;-0.72603;-0.1394
20;9;0.75;6;84;-0.66187;-0.3588
20;10;0.66;6;84;-0.60184;-0.25991
20;3;2.79;6;85;2.6894;-0.72617
20;4;0.24;6;85;-0.06527;0.23127
20;5;0.39;6;85;-0.09846;0.37466
20;6;0.44;6;85;0.07908;0.43133
20;7;0.45;6;85;0.05714;0.44676
20;8;0.45;6;85;0.0528;0.44338
20;9;0.4;6;85;0.16207;0.36764
20;10;0.46;6;85;0.33577;0.30885
20;3;1.34;6;86;-1.27341;0.40184
20;4;1.14;6;86;-1.02137;0.49734
20;5;0.7;6;86;-0.66029;0.23222
20;6;0.59;6;86;-0.55355;0.21173
20;7;0.64;6;86;-0.29623;0.5662
20;8;0.78;6;86;-0.29339;0.72472
20;9;0.78;6;86;-0.3624;0.68889
20;10;0.58;6;86;-0.37178;0.44431
20;3;14.51;6;87;12.31867;7.66157
20;4;0.16;6;87;0.03613;0.15832
20;5;0.29;6;87;-0.08248;0.27932
20;6;0.23;6;87;-0.1156;0.19683
20;7;0.58;6;87;-0.14826;0.56129
20;8;0.5;6;87;-0.48214;0.11343
20;9;0.18;6;87;-0.17772;0.00698
20;10;0.19;6;87;-0.10406;-0.15776
20;3;1.19;6;88;0.98177;-0.68084
20;4;0.75;6;88;0.3704;-0.65461
20;5;0.36;6;88;-0.18607;-0.30485
20;6;0.36;6;88;-0.22935;-0.271
20;7;0.1;6;88;-0.01586;-0.10249
20;8;0.1;6;88;-0.08016;-0.05434
20;9;0.63;6;88;0.59884;0.18721
20;10;0.49;6;88;0.31141;0.37859
20;3;2.64;6;89;0.98985;2.44302
20;4;2.64;6;89;1.08125;2.4108
20;5;1.87;6;89;1.30345;1.33641
20;6;1.32;6;89;0.63791;1.16009
20;7;1.4;6;89;0.49046;1.3077
20;8;1.06;6;89;0.43094;0.97042
20;9;1.05;6;89;0.47869;0.93837
20;10;0.84;6;89;0.36719;0.75061
20;3;1.76;6;8;0.62152;1.6448
20;4;1.0;6;8;0.10536;0.99158
20;5;1.24;6;8;0.36563;1.1827
20;6;1.31;6;8;0.48296;1.21589
20;7;0.63;6;8;0.42582;0.46955
20;8;0.25;6;8;0.17898;0.18045
20;9;0.32;6;8;0.1986;0.25051
20;10;0.44;6;8;0.22143;0.38426
20;3;0.24;6;90;-0.04178;-0.2325
20;4;0.52;6;90;-0.46772;-0.21986
20;5;0.51;6;90;-0.45864;-0.23132
20;6;0.59;6;90;-0.4596;-0.37193
20;7;0.21;6;90;-0.07382;0.19314
20;8;0.23;6;90;-0.08622;0.21557
20;9;0.08;6;90;0.01998;0.07422
20;10;0.2;6;90;-0.03362;-0.20168
20;3;0.64;6;91;-0.04996;0.6363
20;4;0.56;6;91;-0.02907;0.55924
20;5;0.75;6;91;0.21164;0.7158
20;6;0.32;6;91;0.26336;0.18065
20;7;0.39;6;91;0.28635;0.26508
20;8;0.35;6;91;0.06242;0.34764
20;9;0.31;6;91;0.09062;0.29588
20;10;0.33;6;91;0.04051;0.32568
20;3;0.74;6;92;0.51548;0.53621
20;4;0.52;6;92;0.43529;0.27534
20;5;0.75;6;92;0.66386;0.35767
20;6;0.68;6;92;0.00195;0.68272
20;7;0.41;6;92;0.15919;0.37738
20;8;0.45;6;92;0.14455;0.42215
20;9;0.65;6;92;0.53519;0.37455
20;10;0.52;6;92;0.36631;0.37372
20;3;0.55;6;93;0.49117;0.2375
20;4;0.52;6;93;0.13779;0.50509
20;5;0.48;6;93;0.1553;0.44898
20;6;0.48;6;93;0.15716;0.44876
20;7;0.55;6;93;-0.08711;0.54164
20;8;0.41;6;93;-0.1337;0.39176
20;9;0.57;6;93;-0.24481;0.51669
20;10;0.59;6;93;-0.33421;0.4807
20;3;1.9;6;94;-0.85116;1.69626
20;4;0.43;6;94;-0.38643;-0.19439
20;5;0.73;6;94;-0.09936;-0.71973
20;6;0.51;6;94;-0.2121;-0.46802
20;7;0.52;6;94;-0.49735;-0.15619
20;8;0.48;6;94;0.06116;-0.47296
20;9;0.87;6;94;0.57885;-0.65415
20;10;1.11;6;94;0.72326;-0.845
20;3;0.15;6;95;-0.07743;-0.12467
20;4;0.13;6;95;-0.10625;-0.07264
20;5;0.12;6;95;-0.04986;0.10402
20;6;0.16;6;95;-0.16002;0.03879
20;7;0.02;6;95;0.01509;0.00786
20;8;0.16;6;95;0.01239;-0.164
20;9;0.17;6;95;0.11742;-0.1231
20;10;0.22;6;95;0.18358;-0.12277
20;3;0.61;6;96;0.05525;-0.6064
20;4;0.6;6;96;0.06475;-0.59895
20;5;0.7;6;96;-0.05399;-0.69299
20;6;0.67;6;96;-0.11825;-0.65946
20;7;0.62;6;96;-0.13464;-0.60525
20;8;0.54;6;96;-0.12996;-0.52754
20;9;0.59;6;96;-0.19927;-0.55308
20;10;0.61;6;96;-0.18867;-0.57792
20;3;1.56;6;97;1.46584;-0.52041
20;4;0.31;6;97;0.28682;0.11149
20;5;0.56;6;97;0.53461;-0.18182
20;6;0.58;6;97;0.47856;-0.3331
20;7;0.52;6;97;0.41373;-0.3178
20;8;0.18;6;97;0.17939;-0.02076
20;9;0.17;6;97;0.16256;-0.05379
20;10;0.24;6;97;0.20844;-0.11709
20;3;0.46;6;98;-0.37239;-0.27712
20;4;0.84;6;98;-0.71149;-0.44174
20;5;0.93;6;98;-0.89783;-0.25315
20;6;0.63;6;98;-0.62038;-0.10805
20;7;0.75;6;98;-0.72194;-0.20708
20;8;0.78;6;98;-0.75967;-0.16578
20;9;0.72;6;98;-0.70647;-0.12371
20;10;0.76;6;98;-0.7524;-0.10334
20;3;11.7;6;99;3.01338;11.30893
20;4;0.97;6;99;-0.79048;0.55839
20;5;0.45;6;99;-0.41984;0.17353
20;6;0.46;6;99;-0.45023;-0.0802
20;7;0.69;6;99;-0.68778;0.01934
20;8;0.64;6;99;-0.64349;0.01734
20;9;0.54;6;99;-0.52813;0.10686
20;10;0.77;6;99;-0.76381;0.05406
20;3;14.92;6;9;-9.24376;-11.7151
20;4;17.13;6;9;-13.38916;-10.67922
20;5;0.84;6;9;-0.45542;-0.70614
20;6;0.68;6;9;-0.46443;-0.49676
20;7;0.64;6;9;-0.43882;-0.46878
20;8;0.57;6;9;-0.28493;-0.49502
20;9;0.57;6;9;-0.25119;-0.50985
20;10;0.6;6;9;-0.08945;-0.59796
40;3;3.51;6;100;-2.75954;2.16365
40;4;0.41;6;100;-0.36987;-0.16948
40;5;0.61;6;100;-0.51477;-0.32001
40;6;0.54;6;100;-0.47251;-0.26949
40;7;0.56;6;100;-0.53557;-0.15674
40;8;0.4;6;100;-0.35971;-0.17879
40;9;0.43;6;100;-0.27093;-0.3314
40;10;0.47;6;100;-0.27032;-0.38302
40;3;3.01;6;10;1.44757;2.64213
40;4;1.92;6;10;0.67148;1.79769
40;5;2.12;6;10;0.95314;1.8956
40;6;0.64;6;10;0.23093;0.59629
40;7;0.64;6;10;0.18608;0.61329
40;8;0.48;6;10;0.0351;0.47572
40;9;0.38;6;10;-0.05312;0.38099
40;10;0.34;6;10;-0.10961;0.3199
40;3;0.15;6;11;-0.00581;-0.14613
40;4;0.83;6;11;-0.35974;-0.74729
40;5;0.77;6;11;-0.3816;-0.66327
40;6;0.78;6;11;-0.49021;-0.61184
40;7;0.59;6;11;-0.52566;-0.25796
40;8;0.51;6;11;-0.41111;-0.30603
40;9;0.17;6;11;-0.11079;-0.13168
40;10;0.1;6;11;-0.02804;-0.09114
40;3;0.94;6;12;-0.6029;0.72003
40;4;1.11;6;12;-0.67392;0.88447
40;5;1.01;6;12;-0.55989;0.84343
40;6;0.47;6;12;-0.16677;0.44451
40;7;0.8;6;12;-0.4524;0.65434
40;8;0.84;6;12;-0.35944;0.76171
40;9;0.85;6;12;-0.37562;0.75986
40;10;0.84;6;12;-0.31943;0.77365
40;3;1.14;6;13;0.99336;0.56827
40;4;1.16;6;13;1.03554;0.52081
40;5;0.85;6;13;0.78662;0.3228
40;6;0.91;6;13;0.71133;0.57444
40;7;0.72;6;13;0.58787;0.41769
40;8;0.66;6;13;0.54733;0.36514
40;9;0.65;6;13;0.47667;0.44547
40;10;0.65;6;13;0.4957;0.42706
40;3;10.28;6;14;8.39625;5.92852
40;4;0.68;6;14;0.39978;0.54539
40;5;0.38;6;14;0.28608;0.25361
40;6;0.45;6;14;0.04608;0.45252
40;7;0.38;6;14;0.05799;0.37684
40;8;0.41;6;14;0.08729;0.39741
40;9;0.42;6;14;0.10516;0.4039
40;10;0.54;6;14;-0.06993;0.53209
40;3;2.73;6;15;1.98175;-1.87935
40;4;1.26;6;15;1.20224;-0.36967
40;5;1.04;6;15;1.03912;-0.06062
40;6;1.05;6;15;1.05009;0.09514
40;7;0.93;6;15;0.89042;0.26706
40;8;0.77;6;15;0.64467;0.42334
40;9;0.28;6;15;0.2392;0.14164
40;10;0.29;6;15;0.2782;0.09376
40;3;0.35;6;16;0.34442;0.02974
40;4;0.29;6;16;-0.26644;-0.10708
40;5;0.42;6;16;0.10302;-0.40569
40;6;0.55;6;16;-0.12145;-0.53474
40;7;0.52;6;16;-0.07393;-0.51508
40;8;0.5;6;16;-0.10423;-0.4927
40;9;0.5;6;16;-0.379;-0.3318
40;10;0.34;6;16;-0.19665;-0.2778
40;3;0.19;6;17;0.00485;-0.18809
40;4;0.31;6;17;-0.29016;-0.11663
40;5;0.19;6;17;-0.15465;-0.11527
40;6;0.19;6;17;-0.16039;-0.09291
40;7;0.31;6;17;-0.0584;-0.30407
40;8;0.24;6;17;0.23596;-0.01643
40;9;0.08;6;17;0.07412;0.03439
40;10;0.08;6;17;0.07341;0.03345
40;3;1.93;6;18;1.43598;1.28839
40;4;1.88;6;18;1.36274;1.3021
40;5;1.79;6;18;1.38098;1.14245
40;6;1.71;6;18;1.22335;1.19299
40;7;1.29;6;18;0.79552;1.01179
40;8;1.29;6;18;0.78722;1.01613
40;9;1.29;6;18;0.79725;1.01444
40;10;1.12;6;18;0.76253;0.82635
40;3;4.36;6;19;0.20845;4.35459
40;4;1.77;6;19;-0.71066;1.61712
40;5;1.4;6;19;-0.60818;1.25884
40;6;1.31;6;19;-0.65702;1.13297
40;7;1.06;6;19;-0.61565;0.86533
40;8;0.76;6;19;-0.5263;0.54682
40;9;0.76;6;19;-0.65199;0.39649
40;10;0.82;6;19;-0.76202;0.313
40;3;0.36;6;1;-0.31133;0.18394
40;4;0.1;6;1;-0.09993;0.03129
40;5;0.38;6;1;-0.38256;-0.00144
40;6;0.3;6;1;0.27997;-0.10284
40;7;0.09;6;1;0.02839;-0.0885
40;8;0.06;6;1;0.00378;-0.06236
40;9;9.03;6;1;-8.13642;3.90744
40;10;0.52;6;1;0.06552;-0.51877
40;3;0.47;6;20;0.46856;-0.00375
40;4;0.5;6;20;-0.1922;0.46141
40;5;0.77;6;20;-0.18833;0.74542
40;6;0.7;6;20;-0.13706;0.68839
40;7;0.54;6;20;-0.09487;0.53146
40;8;0.55;6;20;-0.09093;0.53836
40;9;0.47;6;20;0.00164;0.47428
40;10;0.49;6;20;-0.0225;0.49339
40;3;0.49;6;21;-0.49292;-0.01036
40;4;0.14;6;21;-0.13563;-0.00194
40;5;0.6;6;21;-0.52591;-0.27926
40;6;0.76;6;21;-0.65191;-0.39991
40;7;1.33;6;21;-0.85499;-1.02207
40;8;1.31;6;21;-0.82322;-1.01298
40;9;1.37;6;21;-0.84449;-1.08345
40;10;1.07;6;21;-0.55408;-0.91114
40;3;0.71;6;22;-0.71175;0.02253
40;4;0.37;6;22;-0.04323;0.36969
40;5;0.34;6;22;0.00784;0.33837
40;6;0.28;6;22;0.01771;0.27715
40;7;0.31;6;22;0.05932;0.3091
40;8;0.39;6;22;0.03516;0.38589
40;9;0.36;6;22;-0.07115;0.35201
40;10;0.48;6;22;0.09348;0.46916
40;3;0.24;6;23;-0.18293;0.15105
40;4;0.34;6;23;-0.28488;0.18516
40;5;0.35;6;23;-0.29293;0.18267
40;6;0.48;6;23;-0.35522;0.32667
40;7;0.48;6;23;-0.44411;0.18222
40;8;0.49;6;23;-0.43553;0.22589
40;9;0.51;6;23;-0.40162;0.32126
40;10;0.52;6;23;-0.4239;0.29528
40;3;0.78;6;24;-0.77591;0.02968
40;4;0.58;6;24;-0.55242;0.18074
40;5;0.57;6;24;-0.28844;0.49212
40;6;0.59;6;24;-0.34502;0.48356
40;7;0.48;6;24;-0.25093;0.41486
40;8;0.69;6;24;-0.68227;-0.12225
40;9;0.66;6;24;-0.48702;-0.43937
40;10;0.75;6;24;-0.53212;-0.52492
40;3;3.61;6;25;2.23057;-2.84221
40;4;0.68;6;25;0.51883;-0.44494
40;5;3.8;6;25;2.76767;-2.60109
40;6;0.39;6;25;0.14728;-0.36322
40;7;0.39;6;25;0.16942;-0.35301
40;8;0.41;6;25;0.18238;-0.37206
40;9;0.1;6;25;-0.07802;-0.06507
40;10;0.34;6;25;0.07645;-0.32669
40;3;0.61;6;26;-0.07898;-0.60652
40;4;0.82;6;26;0.1039;-0.81504
40;5;0.73;6;26;-0.02873;-0.72574
40;6;0.55;6;26;0.28434;-0.47218
40;7;0.43;6;26;0.20398;-0.38027
40;8;0.3;6;26;0.25792;-0.16151
40;9;0.43;6;26;0.42429;-0.06277
40;10;0.3;6;26;0.27153;-0.12966
40;3;0.38;6;27;-0.2784;-0.25172
40;4;0.36;6;27;-0.21967;-0.28811
40;5;0.27;6;27;-0.19743;-0.19097
40;6;0.02;6;27;0.01919;0.01068
40;7;0.14;6;27;0.08425;0.11291
40;8;0.17;6;27;0.01204;0.17027
40;9;0.29;6;27;-0.10088;0.27109
40;10;0.32;6;27;-0.07041;0.30805
40;3;1.36;6;28;1.1982;-0.64852
40;4;1.5;6;28;1.37239;-0.61757
40;5;1.2;6;28;1.11851;-0.44066
40;6;1.21;6;28;1.1171;-0.45271
40;7;0.76;6;28;0.62426;-0.43574
40;8;0.81;6;28;0.46078;-0.66831
40;9;0.81;6;28;0.42359;-0.69582
40;10;0.8;6;28;0.39097;-0.69619
40;3;0.73;6;29;-0.67172;0.28069
40;4;0.27;6;29;-0.24282;0.11081
40;5;0.46;6;29;-0.2544;0.3847
40;6;0.6;6;29;-0.31365;0.51517
40;7;0.59;6;29;-0.34771;0.47808
40;8;0.66;6;29;-0.47793;0.44806
40;9;0.62;6;29;-0.5636;0.26885
40;10;0.34;6;29;-0.33596;0.04417
40;3;0.58;6;2;-0.54611;-0.19466
40;4;0.55;6;2;-0.51748;-0.19114
40;5;0.36;6;2;-0.33734;0.1202
40;6;0.5;6;2;-0.49906;-0.05361
40;7;0.24;6;2;-0.14878;-0.19099
40;8;0.24;6;2;-0.16846;-0.16417
40;9;0.37;6;2;-0.32755;-0.17093
40;10;0.35;6;2;-0.29818;-0.18185
40;3;0.95;6;30;0.40577;-0.86308
40;4;0.96;6;30;0.41701;-0.86899
40;5;0.96;6;30;0.51084;-0.81504
40;6;0.75;6;30;0.35076;-0.65793
40;7;1.45;6;30;-0.33063;-1.40786
40;8;1.31;6;30;-0.52995;-1.20015
40;9;1.16;6;30;-0.59269;-0.99438
40;10;0.93;6;30;-0.12976;-0.91962
40;3;0.7;6;31;-0.40909;-0.57261
40;4;0.61;6;31;-0.26051;-0.55678
40;5;0.52;6;31;-0.15152;-0.50081
40;6;0.59;6;31;-0.17063;-0.56719
40;7;0.29;6;31;-0.18508;-0.22513
40;8;0.44;6;31;-0.41931;0.14596
40;9;0.67;6;31;-0.56778;0.35312
40;10;0.55;6;31;-0.51994;0.1782
40;3;0.49;6;32;0.45259;0.19534
40;4;0.38;6;32;0.34982;0.15012
40;5;0.22;6;32;0.22104;0.02554
40;6;0.3;6;32;0.29444;-0.02256
40;7;0.04;6;32;0.03433;-0.02566
40;8;0.09;6;32;-0.06333;0.05979
40;9;0.49;6;32;-0.17893;-0.45302
40;10;0.41;6;32;-0.16776;-0.37343
40;3;1.41;6;33;0.97818;1.01897
40;4;0.24;6;33;-0.02136;0.23939
40;5;0.36;6;33;0.16365;0.31739
40;6;0.34;6;33;0.09683;0.32684
40;7;0.38;6;33;-0.00667;0.38023
40;8;0.61;6;33;0.20826;0.5688
40;9;0.47;6;33;0.24576;0.39834
40;10;0.53;6;33;0.24987;0.46396
40;3;2.05;6;34;0.48453;-1.99029
40;4;2.95;6;34;0.50637;-2.90967
40;5;0.28;6;34;0.19695;-0.19338
40;6;0.3;6;34;0.28509;0.08564
40;7;0.29;6;34;0.28854;-0.04082
40;8;0.16;6;34;0.13188;-0.08548
40;9;0.11;6;34;0.02973;0.10501
40;10;0.21;6;34;-0.0035;0.20924
40;3;0.74;6;35;0.54839;0.50059
40;4;0.83;6;35;0.57147;0.60751
40;5;0.69;6;35;0.38166;0.57495
40;6;0.78;6;35;-0.11136;0.76968
40;7;0.78;6;35;-0.11491;0.76873
40;8;0.64;6;35;-0.17704;0.61929
40;9;0.68;6;35;-0.17508;0.65399
40;10;0.85;6;35;-0.19509;0.82545
40;3;0.5;6;36;0.25714;0.43002
40;4;0.5;6;36;0.25299;0.43262
40;5;0.57;6;36;0.14224;0.54928
40;6;0.56;6;36;0.14623;0.53654
40;7;0.48;6;36;-0.1117;0.46487
40;8;0.48;6;36;-0.10716;0.46719
40;9;0.42;6;36;-0.14779;0.39576
40;10;0.29;6;36;0.00273;0.2898
40;3;1.02;6;37;-0.68213;-0.7604
40;4;1.55;6;37;-1.03341;-1.15024
40;5;1.53;6;37;-1.04486;-1.118
40;6;1.01;6;37;-0.36066;-0.94379
40;7;0.55;6;37;0.38878;-0.38964
40;8;0.56;6;37;0.47265;-0.30756
40;9;0.32;6;37;0.24331;-0.20548
40;10;0.35;6;37;-0.03458;-0.34583
40;3;0.64;6;38;-0.57593;0.28181
40;4;0.14;6;38;0.09974;-0.10329
40;5;0.17;6;38;0.13472;0.10706
40;6;0.16;6;38;0.12404;0.10797
40;7;0.25;6;38;0.18224;0.17532
40;8;0.2;6;38;0.19322;-0.03515
40;9;0.28;6;38;0.26065;-0.09849
40;10;0.46;6;38;0.41589;-0.20156
40;3;10.56;6;39;9.88733;-3.70733
40;4;0.5;6;39;0.09991;-0.48874
40;5;0.42;6;39;0.38575;-0.15658
40;6;0.39;6;39;0.37974;-0.07143
40;7;0.39;6;39;0.32794;-0.20791
40;8;0.31;6;39;0.29076;-0.1154
40;9;0.19;6;39;0.18657;-0.00582
40;10;0.17;6;39;0.16818;-0.01548
40;3;0.72;6;3;0.70131;0.14009
40;4;0.51;6;3;0.42143;0.27886
40;5;0.4;6;3;-0.03887;0.39871
40;6;0.32;6;3;0.14993;0.28206
40;7;0.17;6;3;-0.12459;0.1088
40;8;0.16;6;3;0.00613;0.15934
40;9;0.2;6;3;0.07137;0.18556
40;10;0.18;6;3;0.10028;0.15194
40;3;0.67;6;40;0.48141;0.46132
40;4;1.24;6;40;0.61499;1.07946
40;5;1.24;6;40;0.64698;1.05346
40;6;0.99;6;40;0.70346;0.69438
40;7;0.88;6;40;0.69087;0.5386
40;8;0.88;6;40;0.70847;0.52101
40;9;0.94;6;40;0.78719;0.50688
40;10;0.85;6;40;0.68278;0.51198
40;3;1.16;6;41;-0.56124;1.01105
40;4;1.11;6;41;-0.07645;1.10474
40;5;1.05;6;41;-0.05528;1.04474
40;6;0.81;6;41;-0.18471;0.78622
40;7;0.7;6;41;-0.07603;0.69338
40;8;0.63;6;41;-0.14302;0.61203
40;9;0.64;6;41;-0.13188;0.62292
40;10;0.57;6;41;-0.12129;0.55427
40;3;0.78;6;42;-0.65277;-0.41971
40;4;0.46;6;42;-0.3976;-0.24092
40;5;0.75;6;42;-0.71085;-0.2444
40;6;0.51;6;42;-0.49143;0.14715
40;7;0.36;6;42;-0.34596;0.11579
40;8;0.87;6;42;-0.72998;0.47302
40;9;1.12;6;42;-0.82136;0.76152
40;10;1.16;6;42;-0.91661;0.70789
40;3;0.52;6;43;-0.26505;0.45038
40;4;14.05;6;43;-4.29557;-13.37811
40;5;0.96;6;43;-0.13118;0.95034
40;6;0.71;6;43;0.13776;0.69866
40;7;0.6;6;43;0.19289;0.5716
40;8;0.43;6;43;0.08194;0.41839
40;9;0.49;6;43;0.27825;0.39897
40;10;0.52;6;43;0.45535;0.25516
40;3;0.48;6;44;-0.19448;0.43908
40;4;0.65;6;44;-0.20635;0.61921
40;5;0.61;6;44;-0.21124;0.57594
40;6;0.2;6;44;0.19662;0.02759
40;7;0.17;6;44;0.10016;0.13774
40;8;0.32;6;44;0.14594;0.27961
40;9;0.34;6;44;0.13627;0.31111
40;10;0.33;6;44;0.23168;0.23004
40;3;0.9;6;45;0.25224;-0.86373
40;4;0.3;6;45;-0.09163;-0.29053
40;5;0.29;6;45;-0.09168;-0.27909
40;6;0.31;6;45;-0.20086;-0.24079
40;7;0.14;6;45;-0.01296;-0.13574
40;8;0.25;6;45;-0.08587;-0.23602
40;9;0.23;6;45;-0.10054;-0.20209
40;10;0.28;6;45;-0.24312;-0.13768
40;3;1.61;6;46;1.10271;1.1711
40;4;1.59;6;46;1.19162;1.05475
40;5;1.61;6;46;1.10709;1.1735
40;6;0.86;6;46;0.37152;0.77933
40;7;0.77;6;46;0.29005;0.71315
40;8;0.6;6;46;0.18612;0.5679
40;9;0.58;6;46;0.21562;0.54111
40;10;0.48;6;46;0.17801;0.44627
40;3;0.67;6;47;0.01794;0.67045
40;4;0.46;6;47;-0.16205;0.43535
40;5;0.55;6;47;-0.156;0.53128
40;6;0.56;6;47;-0.14813;0.54319
40;7;0.34;6;47;0.2751;0.20487
40;8;0.33;6;47;0.27163;0.19257
40;9;0.33;6;47;0.22859;0.23184
40;10;0.34;6;47;0.26417;0.21476
40;3;1.34;6;48;1.27053;0.43233
40;4;1.24;6;48;1.2066;0.28419
40;5;1.1;6;48;1.09798;-0.00291
40;6;1.08;6;48;1.07943;-0.01358
40;7;0.66;6;48;0.64353;0.12776
40;8;0.78;6;48;0.73404;-0.26659
40;9;0.8;6;48;0.7405;-0.29578
40;10;0.59;6;48;0.58445;-0.10906
40;3;1.78;6;49;-0.82275;-1.57462
40;4;0.64;6;49;-0.11916;-0.62385
40;5;0.5;6;49;-0.23252;-0.44208
40;6;0.46;6;49;-0.2226;-0.39767
40;7;0.4;6;49;-0.19642;-0.34527
40;8;0.49;6;49;-0.26256;-0.40959
40;9;0.49;6;49;-0.26513;-0.41258
40;10;0.43;6;49;-0.22039;-0.37062
40;3;0.21;6;4;-0.16501;0.13452
40;4;0.25;6;4;-0.24727;-0.03269
40;5;0.46;6;4;-0.44527;0.12
40;6;0.68;6;4;-0.6335;0.24044
40;7;0.79;6;4;-0.69444;0.37506
40;8;0.7;6;4;-0.66319;0.21269
40;9;0.71;6;4;-0.67316;0.22796
40;10;0.63;6;4;-0.58791;0.22784
40;3;0.75;6;50;0.74448;-0.03153
40;4;0.73;6;50;0.68458;-0.26556
40;5;0.76;6;50;0.73031;-0.203
40;6;0.49;6;50;0.4099;-0.26419
40;7;0.59;6;50;0.49175;-0.33069
40;8;0.43;6;50;0.3411;-0.25968
40;9;0.51;6;50;0.42367;-0.2892
40;10;0.4;6;50;0.25225;-0.30904
40;3;1.49;6;51;1.37752;0.57439
40;4;0.63;6;51;0.13236;-0.61136
40;5;0.39;6;51;0.11739;-0.37266
40;6;0.42;6;51;0.01196;-0.42341
40;7;0.17;6;51;-0.11266;-0.12499
40;8;0.17;6;51;0.00028;-0.16543
40;9;0.1;6;51;0.08775;0.04187
40;10;0.25;6;51;0.12855;0.21695
40;3;1.42;6;52;-0.67836;1.24393
40;4;0.93;6;52;-0.44781;0.81925
40;5;0.81;6;52;-0.35332;0.72872
40;6;0.38;6;52;-0.00712;0.38203
40;7;0.32;6;52;0.04756;0.31424
40;8;0.52;6;52;-0.07304;0.5142
40;9;0.47;6;52;-0.07022;0.46922
40;10;0.56;6;52;-0.00616;0.56323
40;3;1.6;6;53;1.50626;-0.52636
40;4;0.41;6;53;0.3858;0.1485
40;5;0.56;6;53;0.47077;0.30349
40;6;0.62;6;53;0.61319;0.05298
40;7;0.35;6;53;0.34225;0.08398
40;8;0.3;6;53;0.23252;0.19464
40;9;0.4;6;53;0.20386;0.3397
40;10;0.38;6;53;0.12084;0.36397
40;3;6.16;6;54;-5.96978;-1.53889
40;4;6.31;6;54;-6.11173;-1.57661
40;5;0.91;6;54;-0.83396;0.36003
40;6;0.27;6;54;0.21503;0.1611
40;7;0.41;6;54;0.3797;0.14281
40;8;0.27;6;54;0.23427;0.14183
40;9;0.27;6;54;0.23204;0.14337
40;10;0.38;6;54;0.32976;0.18773
40;3;0.08;6;55;0.037;0.06595
40;4;0.07;6;55;0.06004;0.03497
40;5;0.15;6;55;0.08666;0.11645
40;6;0.12;6;55;0.01681;0.11753
40;7;0.28;6;55;-0.1947;0.19444
40;8;0.32;6;55;-0.29158;0.12383
40;9;0.11;6;55;-0.10745;-0.00703
40;10;0.19;6;55;-0.18477;-0.02638
40;3;1.59;6;56;0.94802;1.27366
40;4;1.36;6;56;0.75637;1.12734
40;5;0.34;6;56;0.15392;0.30139
40;6;0.4;6;56;0.01676;0.39719
40;7;0.39;6;56;0.01624;0.38493
40;8;0.24;6;56;-0.089;0.2223
40;9;0.3;6;56;0.04918;0.29538
40;10;0.35;6;56;0.05149;0.34192
40;3;1.31;6;57;0.88253;0.9708
40;4;1.33;6;57;0.74083;1.10175
40;5;11.56;6;57;-6.80851;9.33991
40;6;0.7;6;57;0.46232;0.52047
40;7;0.69;6;57;0.45205;0.51852
40;8;0.76;6;57;0.54862;0.53212
40;9;0.63;6;57;0.50415;0.37238
40;10;0.38;6;57;0.3448;0.16276
40;3;14.59;6;58;-8.05681;12.15892
40;4;0.08;6;58;0.01722;0.07744
40;5;0.1;6;58;0.04162;0.08559
40;6;0.33;6;58;0.25768;0.21382
40;7;0.33;6;58;0.24702;0.22176
40;8;0.08;6;58;-0.04018;0.06694
40;9;0.09;6;58;0.08363;0.01992
40;10;0.14;6;58;-0.13356;0.02286
40;3;9.51;6;59;-3.72525;8.75278
40;4;0.45;6;59;-0.12045;-0.43709
40;5;0.3;6;59;-0.22542;0.19881
40;6;0.32;6;59;-0.23342;0.21282
40;7;0.3;6;59;-0.26808;0.13106
40;8;0.24;6;59;-0.20525;0.12774
40;9;0.15;6;59;-0.1439;0.04671
40;10;0.12;6;59;-0.07456;-0.09716
40;3;1.15;6;5;-1.04978;0.47481
40;4;1.07;6;5;-0.81995;0.68635
40;5;0.63;6;5;-0.52653;0.33977
40;6;0.38;6;5;0.25386;-0.28514
40;7;0.46;6;5;-0.42441;0.17375
40;8;0.81;6;5;-0.62878;0.51711
40;9;0.72;6;5;-0.55743;0.4569
40;10;0.66;6;5;-0.49043;0.43673
40;3;2.24;6;60;1.26326;1.85424
40;4;8.62;6;60;-0.06452;8.62096
40;5;8.56;6;60;-0.02852;8.5603
40;6;0.68;6;60;0.50577;0.45464
40;7;0.69;6;60;0.50425;0.47441
40;8;0.67;6;60;0.46384;0.47768
40;9;0.65;6;60;0.52342;0.38878
40;10;0.69;6;60;0.62324;0.30408
40;3;0.25;6;61;0.24774;-0.04776
40;4;0.65;6;61;-0.46592;0.45806
40;5;0.74;6;61;-0.30138;0.67179
40;6;0.64;6;61;-0.07476;0.6323
40;7;1.08;6;61;-0.19631;1.05907
40;8;1.1;6;61;-0.39637;1.02113
40;9;0.15;6;61;0.05712;0.13607
40;10;0.11;6;61;-0.09303;-0.05734
40;3;0.46;6;62;0.36579;-0.27806
40;4;0.48;6;62;0.48263;0.03355
40;5;0.87;6;62;0.78047;0.391
40;6;0.81;6;62;0.7647;0.27441
40;7;0.54;6;62;0.48922;0.21696
40;8;0.43;6;62;0.42706;-0.00056
40;9;0.35;6;62;0.33335;0.10446
40;10;0.34;6;62;0.31709;0.11809
40;3;0.64;6;63;-0.41542;0.48583
40;4;0.69;6;63;-0.417;0.55136
40;5;0.36;6;63;0.06562;0.35649
40;6;0.43;6;63;-0.05936;0.42777
40;7;0.38;6;63;-0.08718;0.37348
40;8;0.37;6;63;-0.0921;0.36075
40;9;0.38;6;63;-0.3093;0.22584
40;10;0.4;6;63;-0.35858;0.17479
40;3;2.37;6;64;2.36515;0.06353
40;4;1.68;6;64;1.65586;-0.30589
40;5;0.46;6;64;0.4379;0.154
40;6;0.39;6;64;0.29946;0.2442
40;7;0.35;6;64;0.20909;0.27779
40;8;0.35;6;64;0.2774;0.21151
40;9;0.2;6;64;0.18816;0.05717
40;10;0.4;6;64;0.39217;0.07465
40;3;0.54;6;65;-0.53643;0.07049
40;4;0.4;6;65;-0.32605;0.23068
40;5;0.36;6;65;-0.29141;0.20357
40;6;0.46;6;65;-0.36028;0.27794
40;7;0.39;6;65;-0.35864;0.14262
40;8;0.39;6;65;-0.34079;0.18186
40;9;0.43;6;65;-0.36167;0.22835
40;10;0.56;6;65;-0.23847;0.50148
40;3;0.54;6;66;0.50585;-0.18488
40;4;7.79;6;66;2.01051;-7.52188
40;5;0.46;6;66;0.44718;-0.12125
40;6;0.29;6;66;0.24438;0.15601
40;7;0.45;6;66;0.34043;0.2958
40;8;0.5;6;66;0.31446;0.39092
40;9;0.51;6;66;0.31335;0.40782
40;10;0.49;6;66;0.37483;0.31912
40;3;0.59;6;67;0.43611;0.39016
40;4;0.72;6;67;0.69989;0.18488
40;5;0.47;6;67;0.30139;0.36383
40;6;0.4;6;67;0.27166;0.29461
40;7;0.41;6;67;0.06031;0.40896
40;8;0.45;6;67;0.10214;0.43552
40;9;0.3;6;67;-0.02404;0.30261
40;10;0.29;6;67;0.03549;0.29194
40;3;9.46;6;68;-7.39239;-5.90071
40;4;9.66;6;68;-7.24095;-6.38815
40;5;9.69;6;68;-7.29291;-6.37934
40;6;9.45;6;68;-7.11102;-6.22148
40;7;0.55;6;68;0.05073;0.54409
40;8;0.42;6;68;-0.13755;0.39653
40;9;0.42;6;68;-0.09828;0.40486
40;10;0.42;6;68;-0.09543;0.40655
40;3;2.39;6;69;1.61372;-1.76668
40;4;2.1;6;69;1.5078;-1.4646
40;5;0.64;6;69;0.62506;-0.15117
40;6;0.4;6;69;0.34258;-0.21266
40;7;0.29;6;69;-0.19827;0.20778
40;8;0.26;6;69;-0.13516;0.22596
40;9;0.28;6;69;-0.1817;0.20929
40;10;0.08;6;69;0.01963;-0.08255
40;3;1.19;6;6;1.18607;-0.11422
40;4;0.83;6;6;0.82332;-0.06629
40;5;0.6;6;6;0.56555;0.1961
40;6;0.6;6;6;0.5872;0.12117
40;7;0.59;6;6;0.58906;0.07971
40;8;0.25;6;6;0.20157;0.14852
40;9;0.14;6;6;0.02331;0.13797
40;10;0.15;6;6;0.02847;0.15142
40;3;13.9;6;70;13.52999;-3.17313
40;4;14.91;6;70;14.82059;-1.67125
40;5;2.02;6;70;1.83646;0.83229
40;6;0.61;6;70;-0.16875;-0.59038
40;7;0.56;6;70;0.09452;-0.55178
40;8;0.49;6;70;0.23742;-0.42546
40;9;0.42;6;70;0.27889;-0.31004
40;10;0.45;6;70;0.23203;-0.38529
40;3;0.27;6;71;0.11736;0.23873
40;4;0.57;6;71;0.3222;0.46474
40;5;0.56;6;71;0.31761;0.46355
40;6;0.55;6;71;0.3632;0.41021
40;7;0.58;6;71;0.52849;0.22679
40;8;0.46;6;71;0.35247;0.29445
40;9;0.48;6;71;0.42354;0.23341
40;10;0.61;6;71;0.59592;-0.12784
40;3;0.22;6;72;0.1488;0.15809
40;4;0.2;6;72;0.04487;0.1934
40;5;0.64;6;72;-0.50437;-0.39498
40;6;0.4;6;72;-0.30963;-0.25762
40;7;0.75;6;72;-0.57638;-0.47987
40;8;0.77;6;72;-0.6185;-0.45598
40;9;0.84;6;72;-0.65433;-0.52157
40;10;0.89;6;72;-0.63682;-0.62452
40;3;1.28;6;73;1.27548;0.11193
40;4;0.64;6;73;0.6349;0.01517
40;5;0.62;6;73;0.54404;-0.2874
40;6;0.55;6;73;0.40922;-0.37054
40;7;0.36;6;73;0.25211;-0.25683
40;8;0.3;6;73;0.16347;-0.24853
40;9;0.32;6;73;0.28914;-0.12687
40;10;0.22;6;73;0.22216;-0.01997
40;3;0.34;6;74;-0.30889;-0.14903
40;4;0.33;6;74;-0.2921;-0.15899
40;5;0.35;6;74;-0.33229;-0.09776
40;6;0.23;6;74;-0.19751;0.12518
40;7;0.11;6;74;-0.03066;0.10894
40;8;0.13;6;74;0.01991;-0.12655
40;9;0.1;6;74;-0.00057;-0.09682
40;10;0.1;6;74;-0.08403;0.05924
40;3;0.79;6;75;-0.22785;0.75485
40;4;5.99;6;75;3.41201;4.92776
40;5;0.79;6;75;0.23288;0.75431
40;6;0.61;6;75;0.25948;0.55549
40;7;0.17;6;75;0.16667;-0.02343
40;8;0.16;6;75;0.1512;-0.05369
40;9;0.17;6;75;-0.08355;-0.14271
40;10;0.17;6;75;-0.08947;-0.14936
40;3;4.28;6;76;-3.08139;-2.96906
40;4;0.69;6;76;0.5821;-0.37927
40;5;0.46;6;76;0.43877;-0.13788
40;6;0.45;6;76;0.08623;-0.43937
40;7;0.39;6;76;0.14155;-0.35984
40;8;0.38;6;76;0.03753;-0.37703
40;9;0.28;6;76;0.09165;-0.26381
40;10;0.15;6;76;0.0529;-0.13597
40;3;0.44;6;77;-0.38909;0.20325
40;4;2.04;6;77;1.55952;1.30866
40;5;0.84;6;77;-0.69075;-0.4866
40;6;0.26;6;77;-0.26134;0.01938
40;7;0.28;6;77;-0.27389;0.06069
40;8;0.31;6;77;-0.11647;0.28393
40;9;0.34;6;77;-0.23867;0.24011
40;10;0.32;6;77;-0.26093;0.18996
40;3;0.5;6;78;-0.04336;0.49945
40;4;0.41;6;78;-0.01056;0.40796
40;5;0.41;6;78;-0.00826;0.41218
40;6;0.57;6;78;-0.01053;0.56938
40;7;0.52;6;78;0.01782;0.51807
40;8;0.56;6;78;0.17453;0.53617
40;9;0.71;6;78;0.20664;0.67556
40;10;0.39;6;78;0.11834;0.36893
40;3;2.9;6;79;-1.734;-2.32579
40;4;2.28;6;79;1.34618;-1.83948
40;5;2.47;6;79;1.19839;-2.1585
40;6;2.38;6;79;1.36529;-1.94373
40;7;2.51;6;79;1.17948;-2.21382
40;8;1.46;6;79;0.63181;-1.31634
40;9;1.39;6;79;0.78653;-1.14524
40;10;1.41;6;79;0.77658;-1.17471
40;3;0.41;6;7;-0.19357;-0.35982
40;4;0.4;6;7;-0.17458;-0.36071
40;5;0.52;6;7;0.13222;-0.50738
40;6;0.51;6;7;0.13429;-0.48709
40;7;0.64;6;7;0.10312;-0.63493
40;8;0.69;6;7;-0.08148;-0.68876
40;9;0.32;6;7;0.31443;0.06135
40;10;0.26;6;7;0.2428;-0.08096
40;3;0.49;6;80;0.11711;-0.47766
40;4;0.27;6;80;0.17012;-0.20816
40;5;0.37;6;80;0.33615;-0.15023
40;6;0.39;6;80;0.38943;-0.04153
40;7;0.5;6;80;0.48223;-0.1198
40;8;0.44;6;80;0.43452;-0.08986
40;9;0.28;6;80;0.26833;0.06274
40;10;0.16;6;80;0.15918;0.03277
40;3;0.96;6;81;-0.29734;0.91589
40;4;0.54;6;81;-0.48242;0.24226
40;5;0.33;6;81;-0.2414;-0.22196
40;6;0.19;6;81;-0.17828;-0.07762
40;7;0.16;6;81;-0.13957;-0.08746
40;8;0.34;6;81;-0.21604;0.26186
40;9;0.23;6;81;-0.15058;0.1782
40;10;0.79;6;81;-0.4884;0.61482
40;3;0.12;6;82;-0.06435;-0.09996
40;4;0.25;6;82;-0.19094;-0.16124
40;5;0.33;6;82;-0.09093;-0.31732
40;6;0.32;6;82;0.24341;-0.20489
40;7;0.06;6;82;-0.04647;-0.03874
40;8;0.15;6;82;0.13538;-0.06408
40;9;0.27;6;82;0.23523;-0.13178
40;10;0.07;6;82;0.02319;-0.06197
40;3;1.36;6;83;-0.69032;-1.16904
40;4;1.38;6;83;-0.81349;-1.11083
40;5;1.64;6;83;-1.62621;-0.21923
40;6;1.31;6;83;-1.18146;0.5608
40;7;1.25;6;83;-1.18203;0.41893
40;8;0.95;6;83;-0.85185;0.42577
40;9;0.91;6;83;-0.87547;0.25069
40;10;0.68;6;83;-0.65874;0.15122
40;3;1.74;6;84;-0.89945;1.49437
40;4;1.18;6;84;-0.5879;1.02678
40;5;1.63;6;84;-1.39854;0.84546
40;6;1.7;6;84;-1.34457;1.03653
40;7;1.54;6;84;-1.31273;0.80518
40;8;0.88;6;84;-0.88138;-0.02668
40;9;0.85;6;84;-0.80292;-0.28148
40;10;0.78;6;84;-0.75384;-0.20215
40;3;2.8;6;85;2.72932;-0.64291
40;4;0.41;6;85;-0.17607;0.37485
40;5;0.55;6;85;-0.19995;0.50969
40;6;0.55;6;85;-0.1537;0.53079
40;7;0.53;6;85;-0.13396;0.51634
40;8;0.53;6;85;-0.15018;0.50488
40;9;0.41;6;85;-0.0109;0.40934
40;10;0.39;6;85;0.15682;0.35163
40;3;1.4;6;86;-1.35386;0.34732
40;4;1.16;6;86;-1.07066;0.45221
40;5;0.77;6;86;-0.74382;0.21094
40;6;0.69;6;86;-0.6598;0.19635
40;7;0.71;6;86;-0.35003;0.61215
40;8;0.84;6;86;-0.34512;0.76236
40;9;0.84;6;86;-0.40301;0.7322
40;10;0.64;6;86;-0.41184;0.49221
40;3;14.41;6;87;11.97502;8.00947
40;4;0.37;6;87;-0.00027;0.36621
40;5;0.44;6;87;-0.0681;0.43387
40;6;0.39;6;87;-0.08973;0.3771
40;7;0.65;6;87;-0.11142;0.6365
40;8;0.5;6;87;-0.4829;0.1206
40;9;0.13;6;87;-0.13106;-0.00463
40;10;0.18;6;87;-0.05725;-0.17304
40;3;1.49;6;88;1.28702;-0.75591
40;4;1.04;6;88;0.70614;-0.75711
40;5;0.32;6;88;-0.04794;-0.31871
40;6;0.29;6;88;-0.21544;-0.19412
40;7;0.03;6;88;0.02709;-0.01673
40;8;0.08;6;88;-0.06254;0.04655
40;9;0.79;6;88;0.73142;0.31055
40;10;0.64;6;88;0.36945;0.51732
40;3;2.72;6;89;0.68367;2.62787
40;4;2.72;6;89;1.00995;2.52624
40;5;1.88;6;89;1.25231;1.4013
40;6;1.32;6;89;0.53012;1.20378
40;7;1.42;6;89;0.36314;1.36838
40;8;1.0;6;89;0.29045;0.95476
40;9;0.98;6;89;0.33767;0.92384
40;10;0.78;6;89;0.23066;0.74556
40;3;1.11;6;8;0.18957;1.09687
40;4;0.78;6;8;-0.04134;0.7774
40;5;1.14;6;8;0.35966;1.07793
40;6;1.24;6;8;0.51547;1.12259
40;7;0.58;6;8;0.4432;0.3673
40;8;0.26;6;8;0.22966;0.11708
40;9;0.31;6;8;0.24813;0.18394
40;10;0.4;6;8;0.26845;0.30308
40;3;0.3;6;90;0.04014;-0.29397
40;4;0.44;6;90;-0.34156;-0.27547
40;5;0.44;6;90;-0.36656;-0.24541
40;6;0.48;6;90;-0.36493;-0.31271
40;7;0.36;6;90;0.08702;0.3532
40;8;0.39;6;90;0.07469;0.38165
40;9;0.35;6;90;0.14487;0.31494
40;10;0.09;6;90;0.07775;-0.04935
40;3;0.44;6;91;-0.08552;0.43447
40;4;0.41;6;91;-0.07841;0.40239
40;5;0.6;6;91;0.16042;0.57863
40;6;0.24;6;91;0.20689;0.12802
40;7;0.29;6;91;0.22507;0.19021
40;8;0.26;6;91;0.00123;0.26356
40;9;0.25;6;91;0.00716;0.25374
40;10;0.28;6;91;-0.04022;0.28033
40;3;0.58;6;92;0.38686;0.43392
40;4;0.43;6;92;0.34032;0.26657
40;5;0.67;6;92;0.5714;0.34879
40;6;0.64;6;92;-0.02387;0.63654
40;7;0.35;6;92;0.14026;0.31748
40;8;0.39;6;92;0.12306;0.37119
40;9;0.63;6;92;0.54132;0.32071
40;10;0.49;6;92;0.3694;0.319
40;3;0.56;6;93;0.4989;0.24842
40;4;0.52;6;93;0.17246;0.49568
40;5;0.5;6;93;0.18301;0.46248
40;6;0.51;6;93;0.2176;0.45819
40;7;0.55;6;93;-0.0126;0.54733
40;8;0.45;6;93;-0.03981;0.45221
40;9;0.58;6;93;-0.13314;0.55939
40;10;0.57;6;93;-0.26048;0.50817
40;3;2.24;6;94;-1.05553;1.98096
40;4;0.63;6;94;-0.62907;-0.02717
40;5;0.74;6;94;-0.25781;-0.69285
40;6;0.57;6;94;-0.39215;-0.41579
40;7;0.63;6;94;-0.6014;-0.19495
40;8;0.6;6;94;0.08536;-0.59282
40;9;0.89;6;94;0.49911;-0.74185
40;10;1.1;6;94;0.62108;-0.90621
40;3;0.17;6;95;0.12243;-0.12211
40;4;0.06;6;95;0.04849;0.03892
40;5;0.23;6;95;0.10439;0.20977
40;6;0.18;6;95;0.04859;0.17597
40;7;0.22;6;95;0.15412;0.15494
40;8;0.16;6;95;0.15118;-0.05811
40;9;0.28;6;95;0.27526;-0.00589
40;10;0.33;6;95;0.33397;-0.00334
40;3;0.65;6;96;-0.0455;-0.64918
40;4;0.67;6;96;-0.06166;-0.66238
40;5;0.68;6;96;-0.07917;-0.67646
40;6;0.66;6;96;-0.14688;-0.64211
40;7;0.69;6;96;-0.13762;-0.67286
40;8;0.55;6;96;-0.12832;-0.53247
40;9;0.59;6;96;-0.20053;-0.55969
40;10;0.6;6;96;-0.19696;-0.56823
40;3;1.45;6;97;1.34663;-0.53498
40;4;0.36;6;97;0.35622;0.01729
40;5;0.5;6;97;0.4798;-0.1316
40;6;0.5;6;97;0.45926;-0.19316
40;7;0.45;6;97;0.41364;-0.18101
40;8;0.26;6;97;0.2555;0.02305
40;9;0.23;6;97;0.22889;-0.02962
40;10;0.39;6;97;0.34319;-0.18527
40;3;0.57;6;98;-0.33141;-0.4659
40;4;0.81;6;98;-0.55684;-0.58277
40;5;0.85;6;98;-0.77059;-0.34995
40;6;0.52;6;98;-0.47222;-0.21109
40;7;0.59;6;98;-0.535;-0.25876
40;8;0.64;6;98;-0.60646;-0.19078
40;9;0.61;6;98;-0.58468;-0.17491
40;10;0.72;6;98;-0.71145;-0.11781
40;3;11.98;6;99;3.32403;11.51456
40;4;0.78;6;99;-0.74154;0.25542
40;5;0.48;6;99;-0.48333;0.00649
40;6;0.54;6;99;-0.50901;-0.18974
40;7;0.73;6;99;-0.72439;-0.09512
40;8;0.68;6;99;-0.67512;-0.09757
40;9;0.52;6;99;-0.51702;0.02532
40;10;0.76;6;99;-0.76226;-0.02746
40;3;14.98;6;9;-9.19311;-11.82874
40;4;17.24;6;9;-13.32467;-10.93502
40;5;0.75;6;9;-0.4189;-0.62218
40;6;0.62;6;9;-0.42621;-0.45563
40;7;0.57;6;9;-0.39357;-0.4192
40;8;0.5;6;9;-0.22758;-0.44755
40;9;0.5;6;9;-0.17484;-0.4706
40;10;0.57;6;9;0.00241;-0.5708
